ACLZ	Corgi ACLS 2x Daily ETF	2.5304942166140902	26.86	7
AMEM	Amana Developing World ETF	1.1908702715439023	53	3449.9489
DAIC	CID HoldCo, Inc.	1.1094527363184084	4.24	1.113762272069e+07
KXIN	Kaixin	0.9461946902654867	2.1992	1.42536607255e+07
DUKR	Duke Robotics Corp.	0.7680608365019014	9.3	8806.6698
JOBC	Corgi JOBY 2x Daily ETF	0.5895844372114147	21	59.62489
UUUC	Corgi UUUU 2x Daily ETF	0.5618144085383933	26.34	3017.4263
DRVR	Amplify S&P 500 Dividend Drivers ETF	0.5267760311886437	37.87	1093.2313
IQGR	Astoria International Quality Growth Kings ETF	0.5021063928622915	37.51	14345
ACHX	Corgi ACHR 2x Daily ETF	0.49258301057820364	39	44
SSMG	Virtus Silvant Small/Mid Growth ETF	0.4731796430419039	36.45	13.845
BULG	Leverage Shares 2X Long BULL Daily ETF	0.4468011153223932	56.61	8699.002
AIQD	MicroSectors -3x Short Artificial Intelligence (AI) ETNs	0.4034391698384557	67.92	84.5038
RETO	ReTo Eco-Solutions	0.3475543478260868	2.4795	1.52181963106735e+08
LRNX	Corgi LRN 2x Daily ETF	0.3467637966337598	30.19	405
GNRC	Generac Holdings	0.3452115812917594	235.56	1.658981581598e+06
MHX	Corgi MARA 2x Daily ETF	0.34351287727886076	23	463.049084
CAMC	Corgi CAMT 2x Daily ETF	0.3357893108733249	19	727
MSTC	Corgi MSTR 2x Daily ETF	0.28872154338857053	58.63	119.2494
MNSX	Corgi MNST 2x Daily ETF	0.288294425215406	27.99	8
MEMY	Tuttle Capital Meme Stock Income Blast ETF	0.2825791318885602	20.56	219.7141
DETX	Liberty Defense Holdings	0.27502918200592624	2.84	14763.7453
AMKX	Corgi AMKR 2x Daily ETF	0.26779065931476503	10.7605	276.916944
GLX	Corgi GLXY 2x Daily ETF	0.2622190040483165	15.34	251
SOFC	Corgi SOFI 2x Daily ETF	0.24267840248323072	23.38	1633
WEBX	Corgi Chinese Internet 2x Daily ETF	0.23592987778601357	21.51	14.0345
MEDS	DataMeds AI	0.219324546952224	7.4013	1.89192983645634e+08
UPGR	DBX ETF Trust Xtrackers US Green Infrastructure Select Equity ETF	0.20450379680544647	27.14	18.1373
CCFE	EA Series Trust Concourse Capital Focused Equity ETF	0.19263644499913785	29.05	12
WZRD	Opportunistic Trader ETF	0.19167389418907207	6.87	3396.639855
MOLN	Molecular Partners AG	0.1913265306122449	4.67	2099.0072
LIMI	Themes Lithium & Battery Metal Miners ETF	0.18546105785864006	46.6	364.4486
NBIG	Leverage Shares 2X Long NBIS Daily ETF	0.18343600273785077	17.29	1.727564231823e+06
ARMA	Corgi ARM 2x Daily ETF	0.18119756691902753	12.7	433.0764
NEBX	Tradr 2X Long NBIS Daily ETF	0.17674203968620203	25.5	1.757315268312e+06
JXG	JX Luxventure Group	0.17654320987654318	9.53	11252
NBIL	GraniteShares 2x Long NBIS Daily ETF	0.176109537299339	24.91	3.834242846676e+06
AT	Defiance Robotics Actuators ETF	0.17168106444245865	23.6	13212.347078
LRHC	La Rosa Holdings Corp.	0.16734693877551007	2.86	77460
CENN	Cenntro Inc.	0.16435185185185183	5.03	6741.74595
CIR	Corgi CRCL 2x Daily ETF	0.15967576270715936	33.42	4620.2787
SFYF	SoFi Social 50 ETF	0.1546515964313377	72.45	1818.65115
VUSV	Vanguard Wellington U.S. Value Active ETF	0.15259532074253698	79.99	16438.07553
TSCM	TimesSquare Quality Mid Cap Growth ETF	0.15190135352388429	21.71	1610.6096
SUPP	TCW Transform Supply Chain ETF	0.1513052913767792	86.58	55.3826
ITDG	iShares LifePath Target Date 2055 ETF	0.1496785259098168	48.53	4255.402792
XLIX	Corgi U.S. Industrials 2x Daily ETF	0.14886152241826514	26	17
SPPL	SIMPPLE LTD.	0.14841269841269852	2.1705	40903.8016
KFFB	Kentucky First Federal Bancorp	0.14834205933682365	6.58	2719.9875
AUAU	Global X Gold Miners ETF	0.14759900300454065	45.72	201.741671
TDOG	21Shares Dogecoin ETF	0.14708305203371885	18.52	132.9453
DRMP	Tuttle Capital Memory Stack Income Blast ETF	0.14539908490086423	22.53	2204.1601
JFU	9F	0.14529914529914545	2.68	5731.760192
BRTX	BioRestorative Therapies	0.14509803921568631	2.92	15496.983671
NIPG	NIP Group	0.14391143911439108	15.5	19511
CRDD	Cardano ETF	0.14232247554810598	16.97	2772.7518
AEHL	Antelope Enterprise	0.14208242950108446	10.53	5.615404505785e+06
CHNL	Chainlink ETF	0.14134614622233854	28.79	273.625337
HDLB	ETRACS Monthly Pay 2x Leveraged US High Dividend Low Volatility	0.13885658798566247	19	860.0142
UNX	Tradr 2X Long U Daily ETF	0.13872428824410848	107	1431.376174
OCNL	T-REX 2X Long DOCN Daily Target ETF	0.13864731722065132	25.61	1612.1979
MVRL	ETRACS Monthly Pay 1.5X Leveraged Mortgage REIT	0.13821422942896666	13	1584.9606
ASTT	Corgi ASTS 2x Daily ETF	0.13382197136325055	18.3	158.0112
XTR	Global X S&P 500 Tail Risk ETF	0.1308687095867304	32.18	15.0603
XHOA	Corgi U.S. Real Estate 2x Daily ETF	0.13075189302808518	26.79	18
WATT	Energous	0.12876712328767126	12.36	98807.664691
RKNG	ETF Series Solutions Defiance Retail Kings ETF	0.12660704553779625	25.22	2250.7216
MUIB	Direxion MU Defined Income Boost ETF	0.12420502644558491	31.5	1779.4615
WLYB	John Wiley & Sons	0.1228970045137463	54.73	866.0712
PUL	GraniteShares 2x Long P Daily ETF	0.12220985161920431	39.411	294.9468
BFJL	FT Vest Bitcoin Strategy Floor15 ETF - July	0.12105679515382706	20.69	8
RTB	RTB Digital, Inc.	0.12035995500562433	9.96	347761.632179
INLX	Intellinetics	0.11764705882352952	5.7	2149.0451
COE	51Talk Online Education	0.11753183153770805	11.41	10222.318149
VICR	Vicor	0.11739437768473712	205.5	573847.226479
GLAS	Glass House Brands Inc.	0.11706102117061037	8.97	545936.965418
LNOK	Defiance Daily Target 2X Long NOK ETF	0.11639244363193176	18.32	196614.34833
ARL	American Realty	0.11594202898550736	17.71	20364.171913
GLOO	Gloo Holdings	0.11547911547911541	4.54	4.112966232325e+06
NRSH	Aztlan North America Nearshoring Stock Selection ETF	0.11481033091202575	33.15	43.6844
PYZ	Invesco Exchange-Traded Fund Trust Invesco Dorsey Wright Basic Materials Momentum ETF	0.11337706002314948	131.3	523.591
CRWG	Leverage Shares 2X Long CRWV Daily ETF	0.11314083677077205	18.89	1.354696596244e+06
ABLS	Abacus FCF Small Cap Leaders ETF	0.11299309746120564	23.59	122.2516
CWVX	Tradr 2X Long CRWV Daily ETF	0.11244695898161243	15.73	1.112811096973e+06
PMTL	First Trust Indxx Quality Precious Metals Miners ETF	0.11218124198234411	27.83	322
CCPX	Corgi China 2x Daily ETF	0.1121631361022003	23.61	8
RAPP	Rapport Therapeutics	0.11113795602802612	45.99	387025.805542
SVRN	SVRN	0.11111111111111117	13	16208.448268
ALF	Centurion Acquisition Corp	0.11111111111111104	12	2659.1729
BOLT	Bolt Biotherapeutics	0.11019283746556484	4.03	29004.376034
ITDF	iShares LifePath Target Date 2050 ETF	0.11006539733101667	46	5497.710464
RACD	Research Alliance Corporation IV Class A	0.10978723404255313	13.04	4697
IMDX	Insight Molecular Diagnostics	0.10893854748603356	3.97	303077.689401
FOMG	Leverage Shares 2X Long FORM Daily ETF	0.108786610878661	5.3	12463
CRWU	T-REX 2X Long CRWV Daily Target ETF	0.10873549175320693	36.3	159402.283438
SDUR	Aristotle Short Term Income ETF	0.10843373493975916	27.6	9.2394
SPAQ	Listed Funds Trust Horizon Kinetics SPAC Active ETF	0.1080720123938244	103.71	13.4084
TAJX	Corgi India 2x Daily ETF	0.10777014940629312	26.01	6
IREG	Leverage Shares 2X Long IREN Daily ETF	0.10747652385845015	9.2698	688082.051205
CIFG	Themes ETF Trust Leverage Shares 2X Long CIFR Daily ETF	0.10735459846146289	4.52	1.678261416546e+06
GFGF	EA Series Trust Guru Favorite Stocks ETF	0.10673634077106246	39.69	207.1289
YI	111, Inc	0.10650887573964507	3.74	11126.2616
APLX	Tradr 2X Long APLD Daily ETF	0.10617563739376772	7.8096	2.080729400459e+06
XSEM	Corgi U.S. Semiconductors 2x Daily ETF	0.10505836575875503	18.46	723.6294
DVDN	Kingsbarn Dividend Opportunity ETF	0.10368349249658933	16.18	832.433
JL	J-Long Group Limited Class A	0.10328638497652592	4.7	4708
IRE	Defiance Daily Target 2X Long IREN ETF	0.10324483775811216	11.22	6.909580340074e+06
MNOV	MediciNova	0.10317460317460309	2.78	1.421092024794e+06
AV	Corgi Aerospace & Commercial Aviation ETF	0.10311787779655494	28.46	1064.419
CHNR	China Natural Resources	0.10242587601078164	4.09	4814
ITDE	iShares LifePath Target Date 2045 ETF	0.10233695434320764	44	8757.632286
ION	ProShares S&P Global Core Battery Metals ETF	0.10185310710896515	52.83	2008.9398
TBXU	Direxion Daily Biotech Top 5 Bull 2X ETF	0.1015397700457937	42.48	19369.9967
